column_name,data_type,original,pre_enrichment_col_seq,original_column_name,desc_en,orginal_col_seq,count,lang,sentiment_required,is_identifier,is_categorical,category_values,stakeholder_category,analysis_category
serial_number,INTEGER,TRUE,1,Sr No,Serial Number,1,16220,en,no,TRUE,FALSE,nan,[district_admin],row_identity
month,VARCHAR,TRUE,2,Month,Month,95,16220,en,no,FALSE,TRUE,"[Timestamp('2022-09-01 00:00:00'), Timestamp('2022-10-01 00:00:00'), Timestamp('2022-11-01 00:00:00'), Timestamp('2022-12-01 00:00:00'), Timestamp('2023-01-01 00:00:00'), Timestamp('2023-02-01 00:00:00'), Timestamp('2023-03-01 00:00:00'), Timestamp('2023-04-01 00:00:00'), Timestamp('2023-05-01 00:00:00'), Timestamp('2023-07-01 00:00:00'), Timestamp('2023-08-01 00:00:00'), Timestamp('2023-09-01 00:00:00'), Timestamp('2023-10-01 00:00:00'), Timestamp('2023-11-01 00:00:00'), Timestamp('2023-12-01 00:00:00'), Timestamp('2024-01-01 00:00:00'), Timestamp('2024-02-01 00:00:00'), Timestamp('2024-03-01 00:00:00'), Timestamp('2024-04-01 00:00:00'), Timestamp('2024-05-01 00:00:00'), Timestamp('2024-06-01 00:00:00'), Timestamp('2024-07-01 00:00:00'), Timestamp('2024-08-01 00:00:00')]","[mentor, teacher, school_admin, block_admin, district_admin]",row_identity
inspection_date,DATE,TRUE,3,InspectionDate,Inspection Date,11,16220,en,no,FALSE,FALSE,nan,"[mentor, teacher, school_admin, block_admin, district_admin]",row_identity
time_spent,INTEGER,TRUE,4,TimeSpent,Time Spent,12,16220,en,no,FALSE,FALSE,nan,"[mentor, school_admin, block_admin, district_admin]",row_identity
mentor_name,VARCHAR,TRUE,5,Mentor Name,Mentor Name,8,16220,en,no,TRUE,TRUE,"['ALOK KUMAR DWIVEI', 'ARVIND SHANKAR SHRIVASTAV', 'AWADHESH KUMAR TIWARI', 'Ashish Kaushik', 'Ashutosh Jawaliya', 'BEENU CHATURVEDI', 'Balram', 'DEVENDRA VERMA', 'Deepak Bharti', 'Deepika varshney', 'Devi Prasad', 'Dharmendra kumar', 'Dr. Arun kumar Dr.Arun Kumar', 'Dr. MUKESH ROSHAN SHUKLA', 'Dr. Md. Alam Mansure', 'Dr. Satyendra Pratap', 'Dr.VIJEETA RATHORE', 'JAGDEESH MAURYA', 'KIRAN LATA', 'MANOJ KUMAR VERMA', 'Mukesh Tripathi', 'NARENDRA KUMAR SHARMA', 'NILU SAHU', 'PEEYUSH AGRAWAL', 'PRADEEP KUMAR YADAV', 'PRAVEEN YADAV', 'PREM NARAYAN', 'PUSHPENDRA KUMAR TIWARI', 'RAHUL TYAGI', 'RAJESH KUMAR', 'RAM NARESH RAJPOOT', 'RAM PAL', 'RIZWANA PARVEEN', 'Raghvendra Pratap Singh', 'Raj kumar sahu', 'Rekha devi', 'SHIV SARAN', 'SUNIL KUMAR SAHU', 'Sudhaker agrawal', 'VINAY KUMAR', 'VINOD KUMAR', 'VIVEK TIWARI', 'dharmesh kumar sahu', 'gaurav pandey', 'kamlesh kumar gupta', 'raj kumar singh']",nan,mentor_identity
mobile_number,VARCHAR,TRUE,6,Mobile No,Mobile Number,9,16220,en,no,TRUE,TRUE,"[6306408827, 6307968485, 7007227968, 7007841592, 7080217800, 7844985947, 7860614008, 7860686123, 7905296796, 7985380809, 7985563180, 8009201501, 8299043839, 8299772832, 8429625907, 8738949530, 8756099300, 8787058595, 8840682055, 8887557213, 9098009365, 9198227030, 9198635355, 9340350493, 9415504935, 9415942347, 9450502718, 9451333731, 9452379578, 9452575321, 9452589500, 9452906566, 9453129700, 9453339736, 9453481597, 9454076877, 9565876787, 9598475626, 9651751293, 9651902280, 9794376065, 9838075876, 9838848656, 9839044202, 9936185427, 9936602310]",nan,mentor_identity
designation,VARCHAR,TRUE,7,Designation,Designation,10,16220,en,no,TRUE,TRUE,"['ARP', 'Diet Mentor', 'S R G']",nan,mentor_identity
district_name,VARCHAR,TRUE,8,District Name,District Name,2,16220,en,no,TRUE,TRUE,['JHANSI'],nan,school_identity
block_town,VARCHAR,TRUE,9,BlockTown,Block/Town,3,16220,en,no,TRUE,TRUE,"['Babina', 'Badagaon', 'Bamaur', 'Bangra', 'Chirgaon', 'Gursrai', 'Jhansi', 'Mauranipur', 'Moth']",nan,school_identity
area_type,VARCHAR,TRUE,10,AreaType,Area Type,4,16220,en,no,TRUE,TRUE,"['R', 'U']",nan,school_identity
school_name,VARCHAR,TRUE,11,School Name,School Name,5,16220,en,no,TRUE,FALSE,nan,nan,school_identity
udise_code,VARCHAR,TRUE,12,Udise Code,Udise Code,6,16220,en,no,TRUE,FALSE,nan,nan,school_identity
school_type,VARCHAR,TRUE,13,SchoolType,School Type,7,16220,en,no,TRUE,TRUE,"['Composite', 'PS', 'Ups']",nan,school_identity
total_student,INTEGER,TRUE,14,TotalStudent,Total Student,13,16220,en,no,FALSE,FALSE,nan,"[school_admin, block_admin, district_admin]",school_student_counts
number_of_registered_boys,INTEGER,TRUE,15,Namankit Balako ki Sankhya,Number of Registered Boys,48,16220,en,no,FALSE,FALSE,nan,"[school_admin, block_admin, district_admin]",school_student_counts
number_of_registered_girls,INTEGER,TRUE,16,Namankit Balikaon ki Sankhya,Number of Registered Girls,49,16220,en,no,FALSE,FALSE,nan,"[school_admin, block_admin, district_admin]",school_student_counts
number_of_disabled_children,INTEGER,TRUE,17,Divyang Bachho ki Sankhya,Number of Disabled Children,50,16220,en,no,FALSE,TRUE,"[0.0, 1.0, 2.0, 3.0, 4.0, 5.0, 6.0, 7.0, 8.0, 9.0, 10.0, 11.0, 12.0, 13.0, 14.0, 15.0, 16.0, 17.0, 18.0, 21.0, 31.0, 32.0, 39.0, 44.0, 45.0, 47.0, 53.0, 60.0, 69.0, 115.0, 241.0, 578.0, 1010.0, 2122.0]","[school_admin, block_admin, district_admin]",school_student_counts
number_of_present_boys,INTEGER,TRUE,18,Upasthit Balako ki Sankhya,Number of Present Boys,51,16220,en,no,FALSE,FALSE,nan,"[school_admin, block_admin, district_admin]",school_student_counts
number_of_present_girls,INTEGER,TRUE,19,Upasthit Balikaon ki Sankhya,Number of Present Girls,52,16220,en,no,FALSE,FALSE,nan,"[school_admin, block_admin, district_admin]",school_student_counts
total_working_female_teachers,INTEGER,TRUE,20,Total Female Karyarat Teacher,Total Working Female Teachers,54,16220,en,no,FALSE,TRUE,"[0.0, 1.0, 2.0, 3.0, 4.0, 5.0, 6.0, 7.0, 8.0, 9.0, 10.0, 11.0, 12.0, 13.0, 14.0, 22.0, 28.0, 32.0, 33.0, 34.0, 42.0, 62.0, 115.0, 300.0]","[school_admin, block_admin, district_admin]",school_teacher_count
total_working_male_teachers,INTEGER,TRUE,21,Total Male Karyarat Teacher,Total Working Male Teachers,55,16220,en,no,FALSE,TRUE,"[0.0, 1.0, 2.0, 3.0, 4.0, 5.0, 6.0, 7.0, 8.0, 9.0, 10.0, 11.0, 12.0, 13.0, 14.0, 28.0, 30.0, 31.0, 33.0, 35.0, 40.0, 60.0]","[school_admin, block_admin, district_admin]",school_teacher_count
total_working_teachers,INTEGER,TRUE,22,Total Karyarat Teacher,Total Working Teachers,53,16220,en,no,FALSE,TRUE,"[0, 1, 2, 3, 4, 5, 6, 7, 8, 9, 10, 11, 12, 13, 14, 15, 16, 17, 18, 20, 32, 33, 34, 40, 47, 52, 61, 69, 118, 122, 300]","[school_admin, block_admin, district_admin]",school_teacher_count
bluetooth_speaker,VARCHAR,TRUE,23,Bluetooth Speaker,Bluetooth Speaker,26,9902,hi,yes,FALSE,TRUE,"['nan', 'Bluetooth speaker is not available in the school for the English kit.', 'Yes, it is functional.', 'Yes, but it is not functional.']","[school_admin, block_admin, district_admin]",school_inputs_obs
bluetooth_speaker_sentiment,VARCHAR,FALSE,23.1,Bluetooth Speaker,Sentiment: Bluetooth Speaker,26,9902,hi,yes,FALSE,FALSE,"['negative', 'positive', 'unknown']","[school_admin, block_admin, district_admin]",school_inputs_obs
active_library_operation,VARCHAR,TRUE,24,क्या विद्यालय में सक्रिय पुस्तकालय संचालित है ?  (बच्चो से  वार्ता कर  यह  ज्ञात  किया  जाए की क्या लाइब्रेरी की किताबे उनके  द्वारा पढ़ी जा  रही है ?),Is an active library being operated in the school (talk to the children to find out if they are reading the library books),15,15947,hi,no,FALSE,TRUE,"['nan', 'नहीं', 'हाँ']","[school_admin, block_admin, district_admin]",school_inputs_obs
library_reading_corner_usage,VARCHAR,TRUE,25,7  क्या पुस्तकालय/रीडिंग कॉर्नर का बच्चों द्वारा नियमित प्रयोग किया जा रहा है ?,7. Is the library-reading corner being regularly used by the children,24,9902,hi,yes,FALSE,TRUE,"['nan', 'No', 'There is no library-reading corner in the school.', 'Yes']","[school_admin, block_admin, district_admin]",school_inputs_obs
library_reading_corner_usage_sentiment,VARCHAR,FALSE,25.1,7  क्या पुस्तकालय/रीडिंग कॉर्नर का बच्चों द्वारा नियमित प्रयोग किया जा रहा है ?,Sentiment: 7. Is the library-reading corner being regularly used by the children,24,9902,hi,yes,FALSE,FALSE,"['negative', 'positive', 'unknown']","[school_admin, block_admin, district_admin]",school_inputs_obs
sports_equipment_usage,VARCHAR,TRUE,26,8  क्या विद्यालय में खेल सामग्री नियमित उपयोग की जा रही है ?,8. Is the sports equipment in the school being regularly used,25,9902,hi,yes,FALSE,TRUE,"['nan', 'No', 'No sports equipment is available in the school.', 'Yes']","[school_admin, block_admin, district_admin]",school_inputs_obs
sports_equipment_usage_sentiment,VARCHAR,FALSE,26.1,8  क्या विद्यालय में खेल सामग्री नियमित उपयोग की जा रही है ?,Sentiment: 8. Is the sports equipment in the school being regularly used,25,9902,hi,yes,FALSE,FALSE,"['negative', 'positive', 'unknown']","[school_admin, block_admin, district_admin]",school_inputs_obs
multiple_classes_in_same_room,VARCHAR,TRUE,27,क्या विद्यालय में एक ही कक्षा कक्ष में एक से अधिक कक्षाओं का संचालन हो रहा है ?,Is more than one class being conducted in the same classroom in the school,14,15947,hi,no,FALSE,TRUE,"['nan', 'नहीं', 'हाँ']","[school_admin, block_admin, district_admin]",school_inputs_obs
print_rich_material_display_method,VARCHAR,TRUE,28,7.2 कक्षा-कक्ष में प्रिंट समृद्ध (प्रिंट रिच) सामग्री का प्रदर्शन दीवारों पर कैसे किया गया है?,7.2 How is the print rich material displayed on the walls in each class,92,0,hi,yes,FALSE,TRUE,['unknown'],"[school_admin, block_admin, district_admin]",school_inputs_obs
print_rich_material_display_method_sentiment,VARCHAR,FALSE,28.1,7.2 कक्षा-कक्ष में प्रिंट समृद्ध (प्रिंट रिच) सामग्री का प्रदर्शन दीवारों पर कैसे किया गया है?,Sentiment: 7.2 How is the print rich material displayed on the walls in each class,92,0,hi,yes,FALSE,FALSE,['unknown'],"[school_admin, block_admin, district_admin]",school_inputs_obs
print_rich_material_display_method_1,VARCHAR,TRUE,29,7.2 कक्षा-कक्ष में प्रिंट समृद्ध (प्रिंट रिच) सामग्री का प्रदर्शन दीवारों पर कैसे किया गया है?,7.2 How is the print rich material displayed on the walls in each class.1,93,0,hi,yes,FALSE,TRUE,['unknown'],"[school_admin, block_admin, district_admin]",school_inputs_obs
print_rich_material_display_method_1_sentiment,VARCHAR,FALSE,29.1,7.2 कक्षा-कक्ष में प्रिंट समृद्ध (प्रिंट रिच) सामग्री का प्रदर्शन दीवारों पर कैसे किया गया है?,Sentiment: 7.2 How is the print rich material displayed on the walls in each class.1,93,0,hi,yes,FALSE,FALSE,['unknown'],"[school_admin, block_admin, district_admin]",school_inputs_obs
class1_school_readiness_calendar_availability,VARCHAR,TRUE,30,1. क्या कक्षा-1 में स्कूल रेडीनेस -12 सप्ताह के गतिविधि कलेंडर प्रिंट/चार्ट के रूप में उपलप्ध है ?,1. Is the school readiness -12 week activity calendar available as a print-chart in class-1,94,5,hi,no,FALSE,TRUE,"['nan', 'नहीं', 'हाँ']","[school_admin, block_admin, district_admin]",school_inputs_obs
observed_class,VARCHAR,TRUE,31,Awalokit Kaksha,Observed Class,16,15947,hi,no,TRUE,TRUE,"['nan', 'Class- 8', 'Class-1', 'Class-2', 'Class-3', 'Class-4', 'Class-5', 'Class-6', 'Class-7', 'Kindergarten']",nan,class_identity
observed_subject,VARCHAR,TRUE,32,Awalokit Subject,Observed Subject,17,15947,hi,no,TRUE,TRUE,"['nan', 'English', 'Other', 'Mathematics', 'Science', 'Sanskrit', 'Social Studies', 'Our Surroundings', 'Hindi']",nan,class_identifiers
teacher_name_observation,VARCHAR,TRUE,33,Teacher Name Awalokan,Teacher Name Observation,18,15947,hi,no,TRUE,FALSE,nan,nan,class_identifiers
observation_teacher_mobile_number,VARCHAR,TRUE,34,Awakon Teacher Mobile Number,Observation Teacher Mobile Number,19,16220,hi,no,TRUE,FALSE,nan,nan,class_identifiers
classroom_poster_display,VARCHAR,TRUE,35,"1.1 कक्षा-कक्ष में कविता पोस्टर, कहानी पोस्टर एवं गणित पोस्टर का प्रदर्शन दीवारों पर कैसे किया गया है ?","1.1 How have poetry posters, story posters, and math posters been displayed on the walls in each class?",42,8784,hi,yes,FALSE,TRUE,"['nan', 'No material is displayed.', ""The display of materials is not at the children's eye level."", ""The display of materials is at the children's eye level.""]","[teacher, school_admin, block_admin, district_admin]",observation_of_classroom
classroom_poster_display_sentiment,VARCHAR,FALSE,35.1,"1.1 कक्षा-कक्ष में कविता पोस्टर, कहानी पोस्टर एवं गणित पोस्टर का प्रदर्शन दीवारों पर कैसे किया गया है ?","Sentiment: 1.1 How have poetry posters, story posters, and math posters been displayed on the walls in each class?",42,8784,hi,yes,FALSE,FALSE,"['negative', 'positive', 'unknown']","[teacher, school_admin, block_admin, district_admin]",observation_of_classroom
print_rich_material_displayed,VARCHAR,TRUE,36,1. कक्षा में विभाग द्वारा उपलब्ध करायी गई कितनी प्रिंट समृद्ध (प्रिंट रिच) सामग्री का प्रदर्शन दीवारों पर किया गया है ?,1. How much print rich material provided by the department has been displayed on the walls in the classroom,90,0,hi,no,FALSE,TRUE,['nan'],"[teacher, school_admin, block_admin, district_admin]",observation_of_classroom
displayed_print_rich_material,VARCHAR,TRUE,37,7.1 कक्षा में विभाग द्वारा भेजी गई कितनी प्रिंट समृद्ध (प्रिंट रिच) सामग्री का प्रदर्शन दीवारों पर किया गया है?,7.1 How much print rich material sent by the department in the class has been displayed on the walls,91,0,hi,no,FALSE,TRUE,['nan'],"[teacher, school_admin, block_admin, district_admin]",observation_of_classroom
are_children_writing_daily,VARCHAR,TRUE,38,7. क्या बच्चों द्वारा प्रति दिन लेखन कार्य किया जा रहा है?,Are the children doing writing work every day,47,8951,hi,no,FALSE,TRUE,"['nan', 'नहीं', 'हाँ']",nan,observation_of_student
tlm_usage_and_accessibility,VARCHAR,TRUE,39,"4. क्या शिक्षक द्वारा प्रयुक्त TLM जैसे कहानी की किताबें आदि शिक्षण प्रक्रिया में सहायक एवं प्रासंगिक हैं ?(किट,किताबों और TLM बच्चो को सुलभ होने चाहिए,आलमारी में बंद नहीं होने चाहिए |)","4. Are the TLMs like story books etc. used by the teacher helpful and relevant in the teaching process (kits, books and TLM should be accessible to children, should not be locked in the cupboard)",87,588,hi,yes,FALSE,TRUE,"['nan', 'This lesson does not require any TLM.', 'No', 'Yes']",nan,observation_of_student
tlm_usage_and_accessibility_sentiment,VARCHAR,FALSE,39.1,"4. क्या शिक्षक द्वारा प्रयुक्त TLM जैसे कहानी की किताबें आदि शिक्षण प्रक्रिया में सहायक एवं प्रासंगिक हैं ?(किट,किताबों और TLM बच्चो को सुलभ होने चाहिए,आलमारी में बंद नहीं होने चाहिए |)","Sentiment: 4. Are the TLMs like story books etc. used by the teacher helpful and relevant in the teaching process (kits, books and TLM should be accessible to children, should not be locked in the cupboard)",87,588,hi,yes,FALSE,FALSE,"['negative', 'neutral', 'positive', 'unknown']",nan,observation_of_student
teacher_weekly_work_based_on_annual_tracker,VARCHAR,TRUE,40,1. शिक्षक संदर्शिका के अनुसार शिक्षक किस सप्ताह का शिक्षण-कार्य कर रहे हैं ? (वार्षिक ट्रेकर में दर्ज जानकारी के आधार पर),"1. According to the teacher's directory, which week's teaching work is the teacher doing (based on the information recorded in the annual tracker)",20,4427,hi,no,FALSE,TRUE,"['1', '10', '11', '12', '13', '14', '15', '16', '17', '18', '19', '2', '20', '21', '22', '23', '24', '25', '3', '4', '5', '6', '7', '8', '9', 'nan', 'शिक्षक संदर्शिका से शिक्षण कार्य नहीं कराया गया']",nan,teacher_preparedness_general
teaching_plan_assessment,VARCHAR,TRUE,41,4. क्या शिक्षण योजना के अनुसार नियमित आकलन किया जाता है और कार्यपुस्तिका में दर्ज किया गया है ? (पिछले 2 सप्ताहों के कार्य के आधार पर),4. Is regular assessment done according to the teaching plan and recorded in the workbook (based on the work of the last 2 weeks)?,45,9902,hi,yes,FALSE,TRUE,"['nan', 'No, the marks obtained by the children weekly are not recorded in the assessment tracker', 'Yes, the marks obtained by the children weekly are recorded in the assessment tracker']",nan,teacher_preparedness_general
teaching_plan_assessment_sentiment,VARCHAR,FALSE,41.1,4. क्या शिक्षण योजना के अनुसार नियमित आकलन किया जाता है और कार्यपुस्तिका में दर्ज किया गया है ? (पिछले 2 सप्ताहों के कार्य के आधार पर),Sentiment: 4. Is regular assessment done according to the teaching plan and recorded in the workbook (based on the work of the last 2 weeks)?,45,9902,hi,yes,FALSE,FALSE,"['negative', 'positive', 'unknown']",nan,teacher_preparedness_general
teaching_week_according_to_guide,VARCHAR,TRUE,42,1. शिक्षक संदर्शिका के अनुसार शिक्षक किस सप्ताह का शिक्षण-कार्य कर रहे हैं ?,1. Which week's teaching work is the teacher doing according to the teacher's guide,76,4496,hi,no,FALSE,TRUE,"['1', '10', '11', '12', '13', '14', '15', '16', '17', '18', '19', '2', '20', '21', '22', '23', '24', '25', '3', '4', '5', '6', '7', '8', '9', 'nan', 'शिक्षक संदर्शिका से शिक्षण कार्य नहीं कराया गया']",nan,teacher_preparedness_general
clarity_of_weekly_objectives,VARCHAR,TRUE,43,2. क्या शिक्षक को वार्षिक योजना के साप्ताहिक शिक्षण उद्देश्यों की स्पष्टता है? (संदर्शिका के अनुसार),2. Does the teacher have clarity of the weekly teaching objectives of the annual plan (according to the guide),77,4496,hi,no,FALSE,TRUE,"['nan', 'नहीं', 'हाँ']",nan,teacher_preparedness_general
part_of_daily_plan_being_worked_on,VARCHAR,TRUE,44,4. कक्षा में दैनिक योजना के किस भाग पर कार्य किया जा रहा है ? (संदर्शिका के अनुसार),4. Which part of the daily plan is being worked on in the class (according to the guide),78,4496,hi,no,FALSE,TRUE,"['nan', 'कार्यपुस्तिका', 'शिक्षण योजना-गतिविधि (अभ्यास-समेकन- रेमीडियाल)']",nan,teacher_preparedness_general
diary_filled_by_teacher,VARCHAR,TRUE,45,Fill Diary By Teacher,Diary Filled by Teacher,56,15947,hi,no,FALSE,TRUE,"['nan', 'नहीं', 'हाँ']",nan,teacher_preparedness_general
teaching_plan_source,VARCHAR,TRUE,46,यह शिक्षण योजना शिक्षक द्वारा तैयार की गई भी हो सकती है एवं सहायक पुस्तक में दी गयी भी हो सकती है |,This teaching plan can also be prepared by the teacher and can also be given in the help book,84,588,hi,no,FALSE,TRUE,"['nan', 'नहीं', 'हाँ']",nan,teacher_preparedness_for_class
learning_outcome_in_plan,VARCHAR,TRUE,47,2. क्या शिक्षण योजना में लर्निंग आउटकम का स्पष्ट उल्लेख किया गया है?,2. Is the learning outcome clearly mentioned in the teaching plan,85,588,hi,no,FALSE,TRUE,"['nan', 'नहीं', 'हाँ']",nan,teacher_preparedness_for_class
teaching_plan_for_all_levels,VARCHAR,TRUE,48,3. क्या यह शिक्षण योजना सभी अधिगम स्तर के छात्रों को ध्यान में रखकर तैयार की गई है ?,3. Is this teaching plan prepared keeping in mind all students of learning level,86,588,hi,no,FALSE,TRUE,"['nan', 'नहीं', 'हाँ']",nan,teacher_preparedness_for_class
today_teaching_plan_prepared,VARCHAR,TRUE,49,1. क्या शिक्षक द्वारा आज की शिक्षण योजना तैयार की गयी है ?,1. Has today's teaching plan been prepared by the teacher,88,6890,hi,no,FALSE,TRUE,"['nan', 'नहीं', 'हाँ']",nan,teacher_preparedness_for_class
teacher_understanding_current_learning_level,VARCHAR,TRUE,50,9. क्या शिक्षक द्वारा बच्चों के वर्तमान अधिगम स्तर को जानने का प्रयास किया जा है ?,9. Is the teacher making an effort to understand the current learning level of the children,21,6890,hi,no,FALSE,TRUE,"['nan', 'नहीं', 'हाँ']",nan,teacher_student_interaction
teacher_giving_equal_opportunities,VARCHAR,TRUE,51,6. क्या शिक्षक सभी बच्चों को प्रतिभाग करने के समान अवसर दे रहे हैं ?,6. Is the teacher giving equal opportunities to all children to participate,22,6890,hi,no,FALSE,TRUE,"['nan', 'नहीं', 'हाँ']",nan,teacher_student_interaction
teacher_conducting_group_work,VARCHAR,TRUE,52,5. क्या शिक्षक द्वारा बच्चों के साथ समूह कार्य कराया जा रहा है ?,5. Is the teacher conducting group work with the children,23,6890,hi,no,FALSE,TRUE,"['nan', 'नहीं', 'हाँ']",nan,teacher_student_interaction
language_opportunity_encouragement,VARCHAR,TRUE,53,3. क्या बातचीत के दौरान बच्चों को अपनी भाषा में बात करने के मौके और प्रोत्साहन दिए गए ?,Were children given opportunities and encouragement to speak in their language during conversation?,44,9902,hi,yes,FALSE,TRUE,"['nan', 'No, children did not get opportunities to speak/ask questions in their home language', 'Yes, children got opportunities to speak/ask questions in their home language']",nan,teacher_student_interaction
language_opportunity_encouragement_sentiment,VARCHAR,FALSE,53.1,3. क्या बातचीत के दौरान बच्चों को अपनी भाषा में बात करने के मौके और प्रोत्साहन दिए गए ?,Sentiment: Were children given opportunities and encouragement to speak in their language during conversation?,44,9902,hi,yes,FALSE,FALSE,"['negative', 'positive', 'unknown']",nan,teacher_student_interaction
is_teacher_doing_group_work,VARCHAR,TRUE,54,2. क्या शिक्षक बच्चों के साथ समूह कार्य एवं सहपाठी समूह अधिगम किया जा रहा है?,2. Is the teacher doing group work and peer group learning with the children,46,15947,hi,no,FALSE,TRUE,"['nan', 'नहीं', 'हाँ']",nan,teacher_student_interaction
teacher_material_use,VARCHAR,TRUE,55,2. क्या शिक्षक ने प्रत्येक गतिविधि कराने के लिए उचित शिक्षण सामग्री का उपयोग किया है?,2. Has the teacher used appropriate teaching materials for each activity?,43,9902,hi,yes,FALSE,TRUE,"['nan', 'No, appropriate teaching material was not used for each activity', 'Yes, appropriate teaching material was used for each activity']",nan,class_activity_level_obs
teacher_material_use_sentiment,VARCHAR,FALSE,55.1,2. क्या शिक्षक ने प्रत्येक गतिविधि कराने के लिए उचित शिक्षण सामग्री का उपयोग किया है?,Sentiment: 2. Has the teacher used appropriate teaching materials for each activity?,43,9902,hi,yes,FALSE,FALSE,"['negative', 'positive', 'unknown']",nan,class_activity_level_obs
class_activity,VARCHAR,TRUE,56,2. कक्षा में कौन-सी गतिविधि की जा रही है ?,2. Which Activity is Being Conducted in the Class,58,4427,hi,yes,FALSE,TRUE,"['A Reading and narrating a story from the textbook or library books orally', 'B Type of questions in discussion on picture charts, lessons, stories, picture story charts', 'C Work on letter (alphabet) recognition and blending', 'D Word-sentence reading practice', 'E Reading practice by children from workbook or library books', 'F Writing work', 'G None of the above activities are happening', 'H Other activity', 'nan']",nan,class_activity_level_obs
class_activity_sentiment,VARCHAR,FALSE,56.1,2. कक्षा में कौन-सी गतिविधि की जा रही है ?,Sentiment: 2. Which Activity is Being Conducted in the Class,58,4427,hi,yes,FALSE,FALSE,"['negative', 'neutral', 'positive', 'unknown']",nan,class_activity_level_obs
activity_conducted_as_per_plan,VARCHAR,TRUE,57,"3.क्या गतिविधि को शिक्षक संदर्शिका में वर्णित शिक्षण योजनायों(अनुदेशात्मक,समेकन और रेमिडियल) के  चरणों अनुसार कराया गया है?","3. Has the activity been conducted according to the stages described in the teacher's guide teaching plans (instructional, integration and remedial)",89,2910,hi,yes,FALSE,TRUE,"['nan', 'No, the activity was not conducted according to the stages of the teaching plan', 'Yes, the activity was conducted according to the stages of the teaching plan']",nan,class_activity_level_obs
activity_conducted_as_per_plan_sentiment,VARCHAR,FALSE,57.1,"3.क्या गतिविधि को शिक्षक संदर्शिका में वर्णित शिक्षण योजनायों(अनुदेशात्मक,समेकन और रेमिडियल) के  चरणों अनुसार कराया गया है?","Sentiment: 3. Has the activity been conducted according to the stages described in the teacher's guide teaching plans (instructional, integration and remedial)",89,2910,hi,yes,FALSE,FALSE,"['negative', 'positive', 'unknown']",nan,class_activity_level_obs
teacher_actions_while_narrating,VARCHAR,TRUE,58,Sikshak Kahani Sunate Samaya kya kya kr rahe hai,2A What is the Teacher Doing While Narrating the Story,57,688,hi,yes,FALSE,TRUE,"['unknown', 'None of the above happened', 'Making guesses about the story', 'Discussing through closed and open-ended questions', 'Narrating the story orally with expressions']",nan,class_activity_2a_obs
teacher_actions_while_narrating_sentiment,VARCHAR,FALSE,58.1,Sikshak Kahani Sunate Samaya kya kya kr rahe hai,Sentiment: 2A What is the Teacher Doing While Narrating the Story,57,688,hi,yes,FALSE,FALSE,"['negative', 'neutral', 'positive', 'unknown']",nan,class_activity_2a_obs
activity_as_per_guide,VARCHAR,TRUE,59,2A.1 क्या गतिविधि को शिक्षक संदर्शिका में वर्णित शिक्षण योजना के चरणों के अनुसार कराया गया हैं ?,2A.1 Has the Activity Been Conducted According to the Steps Described in the Teacher's Guide,59,688,hi,yes,FALSE,TRUE,"['nan', 'No, the activity was not conducted according to the steps in the teaching plan', 'Yes, the activity was conducted according to the steps in the teaching plan']",nan,class_activity_2a_obs
activity_as_per_guide_sentiment,VARCHAR,FALSE,59.1,2A.1 क्या गतिविधि को शिक्षक संदर्शिका में वर्णित शिक्षण योजना के चरणों के अनुसार कराया गया हैं ?,Sentiment: 2A.1 Has the Activity Been Conducted According to the Steps Described in the Teacher's Guide,59,688,hi,yes,FALSE,FALSE,"['negative', 'positive', 'unknown']",nan,class_activity_2a_obs
student_participation_in_activity,VARCHAR,TRUE,60,2A.2 कक्षा में गतिविधि के दौरान क्या 70% या अधिक बच्चे शिक्षण कार्य में भाग ले रहे है?,"2A.2 During the Activity, are 70% or More Children Participating in the Teaching Work",60,688,hi,yes,FALSE,TRUE,"['nan', 'No, less than 70% children participated', 'Teacher did not give opportunities for practice', 'Yes, 70% or more children participated']",nan,class_activity_2a_obs
student_participation_in_activity_sentiment,VARCHAR,FALSE,60.1,2A.2 कक्षा में गतिविधि के दौरान क्या 70% या अधिक बच्चे शिक्षण कार्य में भाग ले रहे है?,"Sentiment: 2A.2 During the Activity, are 70% or More Children Participating in the Teaching Work",60,688,hi,yes,FALSE,FALSE,"['negative', 'positive', 'unknown']",nan,class_activity_2a_obs
teacher_activities_during_discussion,VARCHAR,TRUE,61,2B. शिक्षक चर्चा के दौरान क्या- क्या कर रहे हैं?,2B. What is the teacher doing during the discussion,61,705,hi,yes,FALSE,TRUE,"['unknown', 'None of the above happened', 'Asking more open-ended questions', 'Starting the discussion by sharing examples or personal experiences', 'Engaging children in the discussion by asking questions']",nan,class_activity_2b_obs
teacher_activities_during_discussion_sentiment,VARCHAR,FALSE,61.1,2B. शिक्षक चर्चा के दौरान क्या- क्या कर रहे हैं?,Sentiment: 2B. What is the teacher doing during the discussion,61,705,hi,yes,FALSE,FALSE,"['negative', 'positive', 'unknown']",nan,class_activity_2b_obs
activity_conducted_as_per_guide_2b1,VARCHAR,TRUE,62,2B.1 क्या गतिविधि को शिक्षक संदर्शिका में वर्णित शिक्षण योजना के चरणों के अनुसार कराया गया है?,2B.1 Has the activity been conducted according to the steps described in the teacher's guide,62,705,hi,yes,FALSE,TRUE,"['nan', 'No, the activity was not conducted according to the steps in the teaching plan', 'Yes, the activity was conducted according to the steps in the teaching plan']",nan,class_activity_2b_obs
activity_conducted_as_per_guide_2b1_sentiment,VARCHAR,FALSE,62.1,2B.1 क्या गतिविधि को शिक्षक संदर्शिका में वर्णित शिक्षण योजना के चरणों के अनुसार कराया गया है?,Sentiment: 2B.1 Has the activity been conducted according to the steps described in the teacher's guide,62,705,hi,yes,FALSE,FALSE,"['negative', 'positive', 'unknown']",nan,class_activity_2b_obs
children_participation_in_activity,VARCHAR,TRUE,63,2B.2 कक्षा में गतिविधि के दौरान क्या 70% या अधिक बच्चे शिक्षण कार्य में भाग ले रहे हैं?,"2B.2 During the activity in class, are 70% or more children participating in the teaching work",63,705,hi,yes,FALSE,TRUE,"['nan', 'No, less than 70% of children participated', 'Teacher did not give opportunities for practice', 'Yes, 70% or more children participated']",nan,class_activity_2b_obs
children_participation_in_activity_sentiment,VARCHAR,FALSE,63.1,2B.2 कक्षा में गतिविधि के दौरान क्या 70% या अधिक बच्चे शिक्षण कार्य में भाग ले रहे हैं?,"Sentiment: 2B.2 During the activity in class, are 70% or more children participating in the teaching work",63,705,hi,yes,FALSE,FALSE,"['negative', 'positive', 'unknown']",nan,class_activity_2b_obs
teacher_activities_in_letter_identification,VARCHAR,TRUE,64,2C शिक्षक वर्ण/मात्रा पहचान और ब्लेंडिंग में क्या-क्या कर रहे है?,2C What is the teacher doing in identifying letters and blending,64,1264,hi,yes,FALSE,TRUE,"['unknown', 'None of the above happened', 'Giving children 2-3 different types of opportunities to practice', 'Giving children the opportunity to practice independently', 'Making children practice in pairs or groups']",nan,class_activity_2c_obs
teacher_activities_in_letter_identification_sentiment,VARCHAR,FALSE,64.1,2C शिक्षक वर्ण/मात्रा पहचान और ब्लेंडिंग में क्या-क्या कर रहे है?,Sentiment: 2C What is the teacher doing in identifying letters and blending,64,1264,hi,yes,FALSE,FALSE,"['negative', 'positive', 'unknown']",nan,class_activity_2c_obs
activity_conducted_as_per_guide_2c1,VARCHAR,TRUE,65,2C.1 क्या गतिविधि को शिक्षक संदर्शिका में वर्णित शिक्षण योजना के चरणों के अनुसार कराया गया है?,2C.1 Has the activity been conducted according to the steps described in the teacher's guide,65,1264,hi,yes,FALSE,TRUE,"['nan', 'No, the activity was not conducted according to the steps in the teaching plan', 'Yes, the activity was conducted according to the steps in the teaching plan']",nan,class_activity_2c_obs
activity_conducted_as_per_guide_2c1_sentiment,VARCHAR,FALSE,65.1,2C.1 क्या गतिविधि को शिक्षक संदर्शिका में वर्णित शिक्षण योजना के चरणों के अनुसार कराया गया है?,Sentiment: 2C.1 Has the activity been conducted according to the steps described in the teacher's guide,65,1264,hi,yes,FALSE,FALSE,"['negative', 'positive', 'unknown']",nan,class_activity_2c_obs
participation_in_teaching_activity,VARCHAR,TRUE,66,2C.2 कक्षा में गतिविधि के दौरान क्या 70% या अधिक बच्चे शिक्षण कार्य में भाग ले रहे है?,"2C.2 During the activity in the class, are 70% or more children participating in the teaching work",66,1264,hi,yes,FALSE,TRUE,"['nan', 'No, less than 70% of children participated', 'Teacher did not give opportunities for practice', 'Yes, 70% or more children participated']",nan,class_activity_2c_obs
participation_in_teaching_activity_sentiment,VARCHAR,FALSE,66.1,2C.2 कक्षा में गतिविधि के दौरान क्या 70% या अधिक बच्चे शिक्षण कार्य में भाग ले रहे है?,"Sentiment: 2C.2 During the activity in the class, are 70% or more children participating in the teaching work",66,1264,hi,yes,FALSE,FALSE,"['negative', 'positive', 'unknown']",nan,class_activity_2c_obs
teacher_reading_practice,VARCHAR,TRUE,67,2D शिक्षक शब्द /वाक्य के पठन अभ्यास में क्या-क्या कर रहे हैं ?,2D What are the teachers doing in the practice of reading words - sentences,67,800,hi,yes,FALSE,TRUE,"['Showing how to read words in an ideal manner 2-3 times', 'nan', 'None of the above happened', 'Giving children the opportunity to read independently', 'Making children practice in pairs or groups']",nan,class_activity_2d_obs
teacher_reading_practice_sentiment,VARCHAR,FALSE,67.1,2D शिक्षक शब्द /वाक्य के पठन अभ्यास में क्या-क्या कर रहे हैं ?,Sentiment: 2D What are the teachers doing in the practice of reading words - sentences,67,800,hi,yes,FALSE,FALSE,"['negative', 'positive', 'unknown']",nan,class_activity_2d_obs
activity_conducted_as_per_guide_2d1,VARCHAR,TRUE,68,2D.1 क्या गतिविधि को शिक्षक संदर्शिका में वर्णित शिक्षण योजना के चरणों के अनुसार कराया गया है?,2D.1Has the activity been conducted according to the steps of the teaching plan described in the teacher's guide,68,800,hi,yes,FALSE,TRUE,"['nan', 'No, the activity was not conducted according to the steps of the teaching plan', 'Yes, the activity was conducted according to the steps of the teaching plan']",nan,class_activity_2d_obs
activity_conducted_as_per_guide_2d1_sentiment,VARCHAR,FALSE,68.1,2D.1 क्या गतिविधि को शिक्षक संदर्शिका में वर्णित शिक्षण योजना के चरणों के अनुसार कराया गया है?,Sentiment: 2D.1Has the activity been conducted according to the steps of the teaching plan described in the teacher's guide,68,800,hi,yes,FALSE,FALSE,"['negative', 'positive', 'unknown']",nan,class_activity_2d_obs
participation_in_teaching_activity_2,VARCHAR,TRUE,69,2D.2 कक्षा में गतिविधि के दौरान क्या 70% या अधिक बच्चे शिक्षण कार्य में भाग ले रहे हैं ?,"2D.2 During the activity in the class, are 70% or more children participating in the teaching work",69,800,hi,yes,FALSE,TRUE,"['nan', 'No, less than 70% of children participated', 'Teacher did not give opportunities for practice', 'Yes, 70% or more children participated']",nan,class_activity_2d_obs
participation_in_teaching_activity_2_sentiment,VARCHAR,FALSE,69.1,2D.2 कक्षा में गतिविधि के दौरान क्या 70% या अधिक बच्चे शिक्षण कार्य में भाग ले रहे हैं ?,"Sentiment: 2D.2 During the activity in the class, are 70% or more children participating in the teaching work",69,800,hi,yes,FALSE,FALSE,"['negative', 'positive', 'unknown']",nan,class_activity_2d_obs
teacher_reading_process,VARCHAR,TRUE,70,2E. शिक्षक पठन प्रक्रिया में क्या-क्या कर रहे हैं ?,2E What are the teachers doing in the reading process,70,395,hi,yes,FALSE,TRUE,"['unknown', 'None of the above happened', 'Reading the text aloud to the students', 'Giving children opportunities to practice in groups or pairs', 'Helping children while they read the text independently']",nan,class_activity_2e_obs
teacher_reading_process_sentiment,VARCHAR,FALSE,70.1,2E. शिक्षक पठन प्रक्रिया में क्या-क्या कर रहे हैं ?,Sentiment: 2E What are the teachers doing in the reading process,70,395,hi,yes,FALSE,FALSE,"['negative', 'neutral', 'positive', 'unknown']",nan,class_activity_2e_obs
activity_conducted_as_per_guide_2e1,VARCHAR,TRUE,71,2E.1 क्या गतिविधि को शिक्षक संदर्शिका में वर्णित शिक्षण योजना के चरणों के अनुसार कराया गया है?,2E.1 Has the activity been conducted according to the steps described in the teacher's guide?,71,395,hi,yes,FALSE,TRUE,"['nan', 'No, the activity was not conducted according to the steps in the teaching plan', 'Yes, the activity was conducted according to the steps in the teaching plan']",nan,class_activity_2e_obs
activity_conducted_as_per_guide_2e1_sentiment,VARCHAR,FALSE,71.1,2E.1 क्या गतिविधि को शिक्षक संदर्शिका में वर्णित शिक्षण योजना के चरणों के अनुसार कराया गया है?,Sentiment: 2E.1 Has the activity been conducted according to the steps described in the teacher's guide?,71,395,hi,yes,FALSE,FALSE,"['negative', 'positive', 'unknown']",nan,class_activity_2e_obs
children_participation_in_activity_2e2,VARCHAR,TRUE,72,2E.2 कक्षा में गतिविधि के दौरान क्या 70% या अधिक बच्चे शिक्षण कार्य में भाग ले रहे हैं ?,"2E.2 During the activity in the class, are 70% or more children participating in the teaching work?",72,395,hi,yes,FALSE,TRUE,"['nan', 'No, less than 70% children participated', 'Teacher did not give opportunities for practice', 'Yes, 70% or more children participated']",nan,class_activity_2e_obs
children_participation_in_activity_2e2_sentiment,VARCHAR,FALSE,72.1,2E.2 कक्षा में गतिविधि के दौरान क्या 70% या अधिक बच्चे शिक्षण कार्य में भाग ले रहे हैं ?,"Sentiment: 2E.2 During the activity in the class, are 70% or more children participating in the teaching work?",72,395,hi,yes,FALSE,FALSE,"['negative', 'positive', 'unknown']",nan,class_activity_2e_obs
teacher_role_in_writing_process_2f,VARCHAR,TRUE,73,2F. शिक्षक लेखन प्रक्रिया में क्या-क्या कर रहे है?,2F. What is the teacher doing in the writing process?,73,281,hi,yes,FALSE,TRUE,"['nan', 'None of the above happened', 'Giving children the opportunity to practice', 'Giving individual feedback on writing', 'Giving clear instructions and examples']",nan,class_activity_2f_obs
teacher_role_in_writing_process_2f_sentiment,VARCHAR,FALSE,73.1,2F. शिक्षक लेखन प्रक्रिया में क्या-क्या कर रहे है?,Sentiment: 2F. What is the teacher doing in the writing process?,73,281,hi,yes,FALSE,FALSE,"['negative', 'positive', 'unknown']",nan,class_activity_2f_obs
activity_conducted_as_per_guide_2f1,VARCHAR,TRUE,74,2F.1 क्या गतिविधि को शिक्षक संदर्शिका में वर्णित शिक्षण योजना के चरणों के अनुसार कराया गया है?,2F.1 Has the activity been conducted according to the steps described in the teacher's guide?,74,281,hi,yes,FALSE,TRUE,"['nan', 'No, the activity was not conducted according to the steps in the teaching plan', 'Yes, the activity was conducted according to the steps in the teaching plan']",nan,class_activity_2f_obs
activity_conducted_as_per_guide_2f1_sentiment,VARCHAR,FALSE,74.1,2F.1 क्या गतिविधि को शिक्षक संदर्शिका में वर्णित शिक्षण योजना के चरणों के अनुसार कराया गया है?,Sentiment: 2F.1 Has the activity been conducted according to the steps described in the teacher's guide?,74,281,hi,yes,FALSE,FALSE,"['negative', 'positive', 'unknown']",nan,class_activity_2f_obs
children_participation_in_activity_2f2,VARCHAR,TRUE,75,2F.2 कक्षा में गतिविधि के दौरान क्या 70% या अधिक बच्चे शिक्षण कार्य में भाग ले रहे हैं ?,"2F.2 During the activity in the class, are 70% or more children participating in the teaching work?",75,281,hi,yes,FALSE,TRUE,"['nan', 'No, less than 70% of children participated', 'Teacher did not give opportunities for practice', 'Yes, 70% or more children participated']",nan,class_activity_2f_obs
children_participation_in_activity_2f2_sentiment,VARCHAR,FALSE,75.1,2F.2 कक्षा में गतिविधि के दौरान क्या 70% या अधिक बच्चे शिक्षण कार्य में भाग ले रहे हैं ?,"Sentiment: 2F.2 During the activity in the class, are 70% or more children participating in the teaching work?",75,281,hi,yes,FALSE,FALSE,"['negative', 'positive', 'unknown']",nan,class_activity_2f_obs
teacher_activities_during_class,VARCHAR,TRUE,76,4 A.1 कक्षा कार्य के दौरान शिक्षक क्या-क्या कर रहे हैं  ?,4 A.1 What is the teacher doing during the class work,79,3397,hi,yes,FALSE,TRUE,"['unknown', 'None of the above happened', 'Giving children opportunities to express their thoughts and ask questions', 'Giving children sufficient time as per the teaching plan to complete the activity', 'Teacher is using concrete objects (posters, math kit, work cards, etc.) suggested in the plan-activity']",nan,class_lesson_4a_obs
teacher_activities_during_class_sentiment,VARCHAR,FALSE,76.1,4 A.1 कक्षा कार्य के दौरान शिक्षक क्या-क्या कर रहे हैं  ?,Sentiment: 4 A.1 What is the teacher doing during the class work,79,3397,hi,yes,FALSE,FALSE,"['negative', 'positive', 'unknown']",nan,class_lesson_4a_obs
teacher_activities_for_concept_understanding,VARCHAR,TRUE,77,"4 A.2 शिक्षक कार्य के दौरान अवधारणा की समझ (संख्या ज्ञान, जोड़, पैटर्न, ज्यामिति और मापन आदि) के लिए क्या-क्या कर रहे हैं ?","4 A.2 What is the teacher doing to understand the concept (number knowledge, addition, pattern, geometry and measurement etc.) during the work",80,3397,hi,yes,FALSE,TRUE,"['nan', 'Explaining the concept from concrete to abstract through objects and activities', 'Providing children with opportunities to learn by doing activities', 'Giving clear instructions and examples']",nan,class_lesson_4a_obs
teacher_activities_for_concept_understanding_sentiment,VARCHAR,FALSE,77.1,"4 A.2 शिक्षक कार्य के दौरान अवधारणा की समझ (संख्या ज्ञान, जोड़, पैटर्न, ज्यामिति और मापन आदि) के लिए क्या-क्या कर रहे हैं ?","Sentiment: 4 A.2 What is the teacher doing to understand the concept (number knowledge, addition, pattern, geometry and measurement etc.) during the work",80,3397,hi,yes,FALSE,FALSE,"['positive', 'unknown']",nan,class_lesson_4a_obs
class_activity_participation,VARCHAR,TRUE,78,4 A.3 कक्षा में गतिविधि के दौरान क्या 70% या अधिक बच्चे भाग ले रहे हैं ?,"4 A.3 During class activities, are 70% or more children participating",81,3397,hi,yes,FALSE,TRUE,"['70% or more children participated', 'nan', 'No, less than 70% children participated', 'Teacher did not give opportunities for practice']",nan,class_lesson_4a_obs
class_activity_participation_sentiment,VARCHAR,FALSE,78.1,4 A.3 कक्षा में गतिविधि के दौरान क्या 70% या अधिक बच्चे भाग ले रहे हैं ?,"Sentiment: 4 A.3 During class activities, are 70% or more children participating",81,3397,hi,yes,FALSE,FALSE,"['negative', 'positive', 'unknown']",nan,class_lesson_4a_obs
solving_teacher_workbook_questions,VARCHAR,TRUE,79,4 B 1. शिक्षक कार्यपुस्तिका में दिए गये प्रश्नों को हल करने के लिए:,4 B.1 For solving the questions given in the teacher's workbook,82,1105,hi,yes,FALSE,TRUE,"['nan', 'None of the above happened', 'Giving children opportunities to express their views and ask questions', 'Giving children clear instructions with examples', 'Giving children sufficient time as per the teaching plan to solve the questions']",nan,class_lesson_4b_obs
solving_teacher_workbook_questions_sentiment,VARCHAR,FALSE,79.1,4 B 1. शिक्षक कार्यपुस्तिका में दिए गये प्रश्नों को हल करने के लिए:,Sentiment: 4 B.1 For solving the questions given in the teacher's workbook,82,1105,hi,yes,FALSE,FALSE,"['negative', 'positive', 'unknown']",nan,class_lesson_4b_obs
teacher_solving_workbook_questions,VARCHAR,TRUE,80,4 B 2. कार्यपुस्तिका में दिए गए प्रश्नों को हल करते समय शिक्षक:,4 B.2 Teacher while solving the questions given in the workbook,83,1105,hi,yes,FALSE,TRUE,"['unknown', 'None of the above happened', 'Observing the work of children', 'Helping the children to complete the worksheet as needed']",nan,class_lesson_4b_obs
teacher_solving_workbook_questions_sentiment,VARCHAR,FALSE,80.1,4 B 2. कार्यपुस्तिका में दिए गए प्रश्नों को हल करते समय शिक्षक:,Sentiment: 4 B.2 Teacher while solving the questions given in the workbook,83,1105,hi,yes,FALSE,FALSE,"['negative', 'neutral', 'positive', 'unknown']",nan,class_lesson_4b_obs
feedback_session_conducted,VARCHAR,TRUE,81,FeedBack Satra Sanchaalit,Feedback Session Conducted,27,12574,hi,no,FALSE,TRUE,"['nan', 'नहीं', 'हाँ']",nan,mentor_teacher_feedback
teacher_thoughts_presented,VARCHAR,TRUE,82,2. क्या शिक्षक द्वारा अपनी आज की कक्षा संबंधी विचार प्रस्तुत किये गये ?,2. Were the teacher's thoughts about today's class presented,28,12574,hi,no,FALSE,TRUE,"['nan', 'नहीं', 'हाँ']",nan,mentor_teacher_feedback
teacher_thoughts_main_points,VARCHAR,TRUE,83,3. शिक्षक द्वारा रखे गए विचार की 02 मुख्य बातें लिखिए। (100 शब्द से  कम),3. Write the two main points of the thoughts presented by the teacher. (Less than 100 words),29,12535,hi,no,FALSE,FALSE,nan,nan,mentor_teacher_feedback
positive_feedback_given,VARCHAR,TRUE,84,4. क्या आपने शिक्षक को उनकी कक्षा प्रक्रिया/ शिक्षण कौशल संबंधी मुख्य सकारात्मक एवं प्रेरक बातें बताई?,4. Did you tell the teacher the main positive and inspiring things related to their class process-teaching skills,30,12574,hi,no,FALSE,TRUE,"['nan', 'नहीं', 'हाँ']",nan,mentor_teacher_feedback
shared_positive_improvements_with_teacher,VARCHAR,TRUE,85,"5. ऐसी दो मुख्य सकारात्मक, सुधार के क्षेत्र एवं प्रेरक बातें लिखिये जो आप द्वारा शिक्षक के साथ साझा की गई |  (100 शब्द से  कम)","5. Write two main positive, improvement areas and inspiring things that you shared with the teacher (Less than 100 words)",31,12571,hi,no,FALSE,FALSE,nan,nan,mentor_teacher_feedback
need_based_teaching_demo_done,VARCHAR,TRUE,86,1. क्या आवश्यकता पर आधारित मॉडल शिक्षण-अधिगम प्रक्रिया का प्रदर्शन(demonstration) किया गया ?,1. Was a demonstration of the need-based model teaching-learning process done?,32,12263,hi,no,FALSE,TRUE,"['nan', 'नहीं', 'हाँ']",nan,mentor_demo
class_of_teaching_demo,VARCHAR,TRUE,87,1.1 आपने मॉडल शिक्षण-अधिगम प्रक्रिया का प्रदर्शन(demonstration) किस कक्षा में किया?,1.1 In which class did you demonstrate the model teaching-learning process?,33,12059,hi,no,FALSE,TRUE,"['nan', 'कक्षा- 1', 'कक्षा- 2', 'कक्षा- 3', 'कक्षा- 4', 'कक्षा- 5', 'कक्षा- 6', 'कक्षा- 7', 'कक्षा- 8', 'बाल वाटिका']",nan,mentor_demo
subject_of_teaching_demo,VARCHAR,TRUE,88,1.2 आपने मॉडल शिक्षण-अधिगम प्रक्रिया का प्रदर्शन(demonstration) किस विषय और अध्याय के लिए किया? (100 शब्द से  कम),1.2 For which subject and chapter did you demonstrate the model teaching-learning process? (Less than 100 words),34,12055,hi,no,FALSE,FALSE,nan,nan,mentor_demo
duration_of_teaching_demo,VARCHAR,TRUE,89,1.3 आपने मॉडल शिक्षण-अधिगम प्रक्रिया का प्रदर्शन(demonstration) कितने समय तक किया?,1.3 How long did you demonstrate the model teaching-learning process?,35,12059,hi,no,FALSE,TRUE,"['20 मिनट तक', '30 मिनट तक', 'nan']",nan,mentor_demo
type_of_method_used_in_demonstration,VARCHAR,TRUE,90,1.4 आपने मॉडल शिक्षण-अधिगम प्रक्रिया के प्रदर्शन(demonstration) में मुख्यतः किस विधा का प्रयोग किया?,1.4 What type of method did you mainly use in the demonstration of the model teaching-learning process,36,12059,hi,yes,FALSE,TRUE,"['TLM-Use of print rich material', 'nan', 'Other', 'Use of game activity', 'Use of math kit-science kit etc.', 'Conversation with children', 'Group work by children', 'Use of lecture method', 'Storytelling-poetry recitation with expressions']",nan,mentor_demo
type_of_method_used_in_demonstration_sentiment,VARCHAR,FALSE,90.1,1.4 आपने मॉडल शिक्षण-अधिगम प्रक्रिया के प्रदर्शन(demonstration) में मुख्यतः किस विधा का प्रयोग किया?,Sentiment: 1.4 What type of method did you mainly use in the demonstration of the model teaching-learning process,36,12059,hi,yes,FALSE,FALSE,"['neutral', 'positive', 'unknown']",nan,mentor_demo
dialogue_with_principal_and_teachers,VARCHAR,TRUE,91,1. क्या आपने अपने मुख्य अवलोकन बिन्दु व सुझाओं को लेकर प्रधानाध्यापक एवं सभी शिक्षकों के साथ संयुक्त रूप से संवाद किया?,1. Did you have a joint dialogue with the principal and all teachers regarding your main observation points and suggestions,37,12505,hi,no,FALSE,TRUE,"['nan', 'नहीं', 'हाँ']",nan,convo_with_staff
duration_of_dialogue_session,VARCHAR,TRUE,92,1.1 ये संवाद सत्र कितनी देर चला?,1.1 How long did this dialogue session last,38,12322,hi,no,FALSE,TRUE,"['10 मिनट से कम', '20 मिनट तक', '20 मिनट से अधिक', 'nan']",nan,convo_with_staff
discussion_points_with_principal_and_teachers,VARCHAR,TRUE,93,1.2 आपने प्रधानाध्यापक एवं सभी शिक्षकों के साथ संयुक्त रूप से संवाद में क्या बातें की?   (100 शब्द से  कम),1.2 What did you discuss in the joint dialogue with the principal and all teachers (less than 100 words),39,12321,hi,no,FALSE,FALSE,nan,nan,convo_with_staff
future_action_points_for_current_school,VARCHAR,TRUE,94,"1. आज के कक्षा अवलोकन, मॉडल शिक्षण-अधिगम प्रक्रिया के प्रदर्शन तथा फीडबैक सत्र के पश्चात क्या आपने वर्तमान विद्यालय के संबंध में स्वयं के लिये आगामी कार्य हेतु मुख्य कार्य बिंदुओं का निर्धारण किया?","1. After today's class observation, demonstration of the model teaching-learning process and feedback session, did you determine the main action points for future work in relation to the current school",40,11779,hi,no,FALSE,TRUE,"['nan', 'नहीं', 'हाँ']",nan,convo_with_staff
upcoming_work_action_points,VARCHAR,TRUE,95,2. आगामी कार्य हेतु 02 मुख्य कार्य बिन्दु (Key Follow-up action points) लिखें। (इसमे मुख्यतः यह लिखना है की आप निकट भविष्य में किस प्रकार इस विद्यालय को निपुण भारत के रूप में विकसित करेगे | यह शिक्षक के साथ साझा किये गए मुख्य सुधार के बिंधुओ पर आधारित होगा |)  (100  शब्द से  कम),2. Write 02 main action points for upcoming work (Key Follow-up action points). (Mainly write about how you will develop this school into a proficient India in the near future. This will be based on the main improvement points shared with the teacher.) (Less than 100 words),41,11613,hi,no,FALSE,FALSE,nan,nan,convo_with_staff